time,bt_name,move_pow_metric,safety_metric,movement_efficiency,current_lighting,max_speed,obj_det_eff,obj_power,pic_rate,curr_cam_topic,pics_taken
1,frog_aal_arch_internal.xml,-10.0,-10.0,-10.0,-10.0,-10.0,-10.0,-10.0,-10,cam_feednot_available,-10.0
2,frog_aal_arch_internal.xml,-10.0,-10.0,-10.0,-10.0,-10.0,-10.0,-10.0,-10,cam_feednot_available,-10.0
3,frog_aal_arch_internal.xml,-10.0,-10.0,-10.0,0.935637,-10.0,-10.0,-10.0,-10,cam_feednot_available,-10.0
4,frog_aal_arch_internal.xml,-10.0,-10.0,-10.0,0.935637,-10.0,-10.0,-10.0,-10,cam_feednot_available,-10.0
5,frog_aal_arch_internal.xml,-10.0,-10.0,-10.0,0.916677,-10.0,-10.0,-10.0,-10,cam_feednot_available,-10.0
6,frog_aal_arch_internal.xml,-10.0,-10.0,-10.0,0.916677,-10.0,-10.0,-10.0,-10,cam_feednot_available,-10.0
7,frog_aal_arch_internal.xml,-10.0,-10.0,-10.0,0.894021,-10.0,-10.0,-10.0,-10,cam_feednot_available,-10.0
8,frog_aal_arch_internal.xml,-10.0,0.129952,-10.0,0.894021,0.26,-10.0,-10.0,1,/camera/image_noisy,-10.0
9,frog_aal_arch_internal.xml,-10.0,0.156178,0.943203,0.87059,0.26,-10.0,-10.0,1,/camera/image_noisy,-10.0
10,frog_aal_arch_internal.xml,-10.0,0.156178,0.943203,0.87059,0.26,"0,1",7053.725098,1,/camera/image_noisy,1.0
11,frog_aal_arch_internal.xml,-10.0,0.161254,0.996755,0.844158,0.26,"0,1",7053.725098,1,/camera/image_noisy,1.0
12,frog_aal_arch_internal.xml,-10.0,0.161254,0.996755,0.844158,0.26,"0,2",6994.450195,1,/camera/image_noisy,2.0
13,frog_aal_arch_internal.xml,-10.0,0.090618,1.0,0.815771,0.26,"0,2",6994.450195,1,/camera/image_noisy,2.0
14,frog_aal_arch_internal.xml,-10.0,0.090618,1.0,0.815771,0.18,"0,2",6994.450195,1,/camera/image_noisy,2.0
15,frog_aal_arch_internal.xml,-10.0,0.093841,1.0,0.785497,0.18,"0,3",6460.975098,3,/camera/image_noisy,3.0
16,frog_aal_arch_internal.xml,-10.0,0.093841,1.0,0.785497,0.18,"0,3",6460.975098,3,/camera/image_noisy,3.0
17,frog_aal_arch_internal.xml,27.031815,0.093841,1.0,0.753406,0.1,"0,3",6460.975098,3,/camera/image_noisy,3.0
18,frog_aal_arch_internal.xml,27.031815,0.093841,1.0,0.753406,0.1,"0,4",5927.5,3,/camera/image_noisy,4.0
19,frog_aal_arch_internal.xml,27.031815,0.093841,1.0,0.720581,0.1,"0,4",5927.5,3,/camera/image_noisy,4.0
20,frog_aal_arch_internal.xml,27.031815,0.093841,1.0,0.720581,0.1,"0,4",5927.5,3,/camera/image_noisy,4.0
21,frog_aal_arch_internal.xml,27.031815,0.093841,1.0,0.686326,0.1,"0,4",5927.5,3,/camera/image_noisy,4.0
22,frog_aal_arch_internal.xml,27.031815,0.104729,1.0,0.686326,0.18,"0,5",5394.024902,3,/camera/image_noisy,5.0
23,frog_aal_arch_internal.xml,27.031815,0.113257,1.0,0.65116,0.18,"0,6",5334.75,1,/camera/image_noisy,6.0
24,frog_aal_arch_internal.xml,27.031815,0.113257,1.0,0.65116,0.18,"0,7",5275.475098,1,/camera/image_noisy,7.0
25,frog_aal_arch_internal.xml,27.031815,0.043343,1.0,0.61343,0.26,"0,8",5216.200195,1,/camera/image_noisy,8.0
26,frog_aal_arch_internal.xml,27.031815,0.043343,1.0,0.61343,0.26,"0,9",5156.924805,1,/camera/image_noisy,9.0
27,frog_aal_arch_internal.xml,27.031815,0.067685,0.740701,0.576652,0.26,"0,9",5156.924805,1,/camera/image_noisy,9.0
28,frog_aal_arch_internal.xml,27.031815,0.067685,0.740701,0.576652,0.18,"0,9",5156.924805,1,/camera/image_noisy,10.0
29,frog_aal_arch_internal.xml,23.557348,0.079711,0.740701,0.53934,0.18,"0,10",5097.649902,1,/camera/image_noisy,10.0
30,frog_aal_arch_internal.xml,23.557348,0.079711,0.740701,0.53934,0.18,"0,11",5038.375,1,/camera/image_noisy,11.0
31,frog_aal_arch_internal.xml,23.557348,0.073779,0.389477,0.502165,0.1,"0,11",5038.375,1,/camera/image_noisy,11.0
32,frog_aal_arch_internal.xml,23.557348,0.073779,0.389477,0.502165,0.1,"0,12",4979.100098,1,/camera/image_noisy,12.0
33,frog_aal_arch_internal.xml,23.557348,0.106175,0.38174,0.464071,0.1,"0,13",4919.825195,1,/camera/image_noisy,13.0
34,frog_aal_arch_internal.xml,23.557348,0.106175,0.38174,0.464071,0.18,"0,14",4860.549805,1,/camera/image_noisy,14.0
35,frog_aal_arch_internal.xml,23.557348,0.174745,0.691379,0.426468,0.18,"0,14",4860.549805,1,/camera/image_noisy,15.0
36,frog_aal_arch_internal.xml,23.557348,0.174745,0.691379,0.426468,0.18,"0,14",4860.549805,1,/camera/image_noisy,15.0
37,frog_aal_arch_internal.xml,23.557348,0.223265,0.998373,0.389136,0.26,"0,14",4860.549805,1,/camera/image_noisy,15.0
38,frog_aal_arch_internal.xml,23.557348,0.223265,0.998373,0.389136,0.26,"0,14",4860.549805,1,/camera/image_noisy,15.0
39,frog_aal_arch_internal.xml,23.557348,0.159428,0.999594,0.353701,0.26,"0,14",4860.549805,1,/camera/image_noisy,15.0
40,frog_aal_arch_internal.xml,23.557348,0.159428,0.999594,0.353701,0.26,"0,14",4860.549805,1,/camera/image_noisy,15.0
41,frog_aal_arch_internal.xml,23.557348,0.158236,1.0,0.318202,0.26,"0,14",4860.549805,1,/camera/image_noisy,15.0
42,frog_aal_arch_internal.xml,23.557348,0.158236,1.0,0.318202,0.26,"0,14",4860.549805,1,/camera/image_noisy,15.0
43,frog_aal_arch_internal.xml,23.557348,0.147712,0.99584,0.283282,0.26,"0,14",4860.549805,1,/camera/image_noisy,15.0
44,frog_aal_arch_internal.xml,23.557348,0.147712,0.99584,0.283282,0.26,"0,14",4860.549805,1,/camera/image_noisy,15.0
45,frog_aal_arch_internal.xml,23.557348,0.119866,0.84157,0.250395,0.26,"0,14",4860.549805,1,/camera/image_noisy,15.0
46,frog_aal_arch_internal.xml,23.557348,0.119866,0.84157,0.250395,0.26,"0,14",4860.549805,1,/camera/image_noisy,15.0
47,frog_aal_arch_internal.xml,23.557348,0.106635,0.84157,0.218394,0.26,"0,14",4860.549805,1,/camera/image_noisy,15.0
48,frog_aal_arch_internal.xml,23.557348,0.106635,0.84157,0.218394,0.26,"0,14",4860.549805,1,/camera/image_noisy,15.0
49,frog_aal_arch_internal.xml,54.955326,0.09447,0.84157,0.18845,0.26,"0,15",4801.274902,1,/camera/image_noisy,15.0
50,frog_aal_arch_internal.xml,54.955326,0.09447,0.84157,0.18845,0.26,"0,16",4742.0,1,/camera/image_noisy,16.0
51,frog_aal_arch_internal.xml,54.955326,0.079961,0.84157,0.159571,0.26,"0,17",4682.725098,1,/camera/image_noisy,17.0
52,frog_aal_arch_internal.xml,54.955326,0.079961,0.84157,0.159571,0.18,"0,17",4682.725098,1,/camera/image_noisy,17.0
53,frog_aal_arch_internal.xml,54.955326,0.090326,0.696579,0.132183,0.18,"0,18",4623.450195,1,/camera/image_noisy,18.0
54,frog_aal_arch_internal.xml,54.955326,0.090326,0.696579,0.132183,0.18,"0,19",4564.174805,1,/camera/image_noisy,19.0
55,frog_aal_arch_internal.xml,54.955326,0.111171,0.383071,0.108811,0.1,"0,19",4564.174805,1,/camera/image_noisy,20.0
56,frog_aal_arch_internal.xml,54.955326,0.111171,0.383071,0.108811,0.1,"0,19",4564.174805,1,/camera/image_noisy,20.0
57,frog_aal_arch_internal.xml,54.955326,0.150446,0.384138,0.086414,0.1,"0,19",4564.174805,1,/camera/image_noisy,20.0
58,frog_aal_arch_internal.xml,54.955326,0.150446,0.384138,0.086414,0.1,"0,19",4564.174805,1,/camera/image_noisy,20.0
59,frog_aal_arch_internal.xml,54.955326,0.167101,0.385754,0.065579,0.1,"0,19",4564.174805,1,/camera/image_noisy,20.0
60,frog_aal_arch_internal.xml,54.955326,0.167101,0.385754,0.065579,0.1,"0,19",4564.174805,1,/camera/image_noisy,20.0
61,frog_aal_arch_internal.xml,54.955326,0.182119,0.38307,0.048942,0.1,"0,19",4564.174805,1,/camera/image_noisy,20.0
62,frog_aal_arch_internal.xml,54.955326,0.182119,0.38307,0.048942,0.1,"0,19",4564.174805,1,/camera/image_noisy,20.0
63,frog_aal_arch_internal.xml,54.955326,0.198659,0.387999,0.033565,0.1,"0,19",4564.174805,1,/camera/image_noisy,20.0
64,frog_aal_arch_internal.xml,54.955326,0.198659,0.387999,0.033565,0.1,"0,19",4564.174805,1,/camera/image_noisy,20.0
65,frog_aal_arch_internal.xml,54.955326,0.149443,0.387051,0.021438,0.1,"0,19",4564.174805,1,/camera/image_noisy,20.0
66,frog_aal_arch_internal.xml,54.955326,0.149443,0.387051,0.021438,0.1,"0,19",4564.174805,1,/camera/image_noisy,20.0
67,frog_aal_arch_internal.xml,54.955326,0.114873,0.387051,0.011829,0.1,"0,19",4564.174805,1,/camera/image_noisy,20.0
68,frog_aal_arch_internal.xml,54.955326,0.114873,0.387051,0.011829,0.1,"0,19",4564.174805,1,/camera/image_noisy,20.0
69,frog_aal_arch_internal.xml,54.955326,0.111809,0.28857,0.005172,0.1,"0,19",4564.174805,1,/camera/image_noisy,20.0
70,frog_aal_arch_internal.xml,45.623703,0.111809,0.28857,0.005172,0.1,"1,20",4504.899902,1,/camera/image_noisy,20.0
71,frog_aal_arch_internal.xml,45.623703,0.094446,0.28857,0.001066,0.1,"1,20",4504.899902,1,/camera/image_noisy,20.0
72,frog_aal_arch_internal.xml,45.623703,0.094446,0.28857,0.001066,0.1,"2,21",4445.625,1,/camera/image_noisy,21.0
73,frog_aal_arch_internal.xml,45.623703,0.069993,0.379833,2.3e-05,0.1,"3,22",4386.350098,1,/camera/image_noisy,22.0
74,frog_aal_arch_internal.xml,45.623703,0.069993,0.379833,2.3e-05,0.1,"3,23",4327.075195,1,/camera/image_noisy,23.0
75,frog_aal_arch_internal.xml,45.623703,0.085146,0.388727,0.001822,0.1,"3,24",4267.799805,1,/camera/image_noisy,24.0
76,frog_aal_arch_internal.xml,45.623703,0.085146,0.388727,0.001822,0.1,"3,24",4267.799805,1,/camera/image_noisy,25.0
77,frog_aal_arch_internal.xml,45.623703,0.136285,0.388086,0.006446,0.1,"3,24",4267.799805,1,/camera/image_noisy,25.0
78,frog_aal_arch_internal.xml,45.623703,0.136285,0.388086,0.006446,0.1,"3,24",4267.799805,1,/camera/image_noisy,25.0
79,frog_aal_arch_internal.xml,45.623703,0.192268,0.380773,0.013623,0.1,"3,24",4267.799805,1,/camera/image_noisy,25.0
80,frog_aal_arch_internal.xml,45.623703,0.192268,0.380773,0.013623,0.1,"3,24",4267.799805,1,/camera/image_noisy,25.0
81,frog_aal_arch_internal.xml,45.623703,0.185237,0.385651,0.024027,0.1,"3,24",4267.799805,1,/camera/image_noisy,25.0
82,frog_aal_arch_internal.xml,45.623703,0.185237,0.385651,0.024027,0.1,"3,24",4267.799805,1,/camera/image_noisy,25.0
83,frog_aal_arch_internal.xml,45.623703,0.16312,0.392731,0.03702,0.1,"3,24",4267.799805,1,/camera/image_noisy,25.0
84,frog_aal_arch_internal.xml,45.623703,0.16312,0.392731,0.03702,0.1,"3,24",4267.799805,1,/camera/image_noisy,25.0
85,frog_aal_arch_internal.xml,45.623703,0.139435,0.403578,0.051944,0.1,"3,24",4267.799805,1,/camera/image_noisy,25.0
86,frog_aal_arch_internal.xml,45.623703,0.139435,0.403578,0.051944,0.1,"3,24",4267.799805,1,/camera/image_noisy,25.0
87,frog_aal_arch_internal.xml,45.623703,0.133303,0.396221,0.070382,0.1,"3,24",4267.799805,1,/camera/image_noisy,25.0
88,frog_aal_arch_internal.xml,45.623703,0.133303,0.396221,0.070382,0.1,"3,24",4267.799805,1,/camera/image_noisy,25.0
89,frog_aal_arch_internal.xml,45.623703,0.120719,0.386242,0.090068,0.1,"3,24",4267.799805,1,/camera/image_noisy,25.0
90,frog_aal_arch_internal.xml,45.623703,0.120719,0.386242,0.090068,0.1,"3,24",4267.799805,1,/camera/image_noisy,25.0
91,frog_aal_arch_internal.xml,45.623703,0.117609,0.38526,0.11355,0.1,"3,24",4267.799805,1,/camera/image_noisy,25.0
92,frog_aal_arch_internal.xml,45.623703,0.117609,0.38526,0.11355,0.1,"3,24",4267.799805,1,/camera/image_noisy,25.0
93,frog_aal_arch_internal.xml,45.623703,0.090091,0.384975,0.138558,0.1,"3,24",4267.799805,1,/camera/image_noisy,25.0
94,frog_aal_arch_internal.xml,55.503262,0.090091,0.384975,0.138558,0.1,"3,25",4208.524902,1,/camera/image_noisy,25.0
95,frog_aal_arch_internal.xml,55.503262,0.086966,0.384975,0.165351,0.1,"3,26",4149.25,1,/camera/image_noisy,26.0
96,frog_aal_arch_internal.xml,55.503262,0.086966,0.384975,0.165351,0.1,"3,27",4089.975098,1,/camera/image_noisy,27.0
97,frog_aal_arch_internal.xml,55.503262,0.062915,0.379827,0.19485,0.1,"3,27",4089.975098,1,/camera/image_noisy,27.0
98,frog_aal_arch_internal.xml,55.503262,0.062915,0.379827,0.19485,0.1,"3,28",4030.699951,1,/camera/image_noisy,28.0
99,frog_aal_arch_internal.xml,55.503262,0.031619,0.38574,0.225733,0.1,"3,29",3971.425049,1,/camera/image_noisy,29.0
100,frog_aal_arch_internal.xml,55.503262,0.031619,0.38574,0.225733,0.1,"3,29",3971.425049,1,/camera/image_noisy,30.0
101,frog_aal_arch_internal.xml,55.503262,0.036505,0.385632,0.257716,0.1,"3,29",3971.425049,1,/camera/image_noisy,30.0
102,frog_aal_arch_internal.xml,55.503262,0.036505,0.385632,0.257716,0.1,"3,29",3971.425049,1,/camera/image_noisy,30.0
103,frog_aal_arch_internal.xml,55.503262,0.051129,0.384498,0.289916,0.1,"3,29",3971.425049,1,/camera/image_noisy,30.0
104,frog_aal_arch_internal.xml,55.503262,0.051129,0.384498,0.289916,0.1,"3,29",3971.425049,1,/camera/image_noisy,30.0
105,frog_aal_arch_internal.xml,55.503262,0.064969,0.384498,0.32514,0.1,"3,29",3971.425049,1,/camera/image_noisy,30.0
106,frog_aal_arch_internal.xml,26.132446,0.064969,0.384498,0.32514,0.1,"3,30",3912.149902,1,/camera/image_noisy,30.0
107,frog_aal_arch_internal.xml,26.132446,0.067639,0.156999,0.361413,0.1,"3,31",3852.875,1,/camera/image_noisy,31.0
108,frog_aal_arch_internal.xml,26.132446,0.067639,0.156999,0.361413,0.1,"3,32",3793.600098,1,/camera/image_noisy,32.0
109,frog_aal_arch_internal.xml,26.132446,0.095583,0.403314,0.399094,0.1,"3,33",3734.324951,1,/camera/image_noisy,33.0
110,frog_aal_arch_internal.xml,26.132446,0.095583,0.403314,0.399094,0.1,"3,34",3675.050049,1,/camera/image_noisy,34.0
111,frog_aal_arch_internal.xml,26.132446,0.115577,0.384773,0.43623,0.1,"3,34",3675.050049,1,/camera/image_noisy,34.0
112,frog_aal_arch_internal.xml,26.132446,0.115577,0.384773,0.43623,0.18,"3,34",3675.050049,1,/camera/image_noisy,35.0
113,frog_aal_arch_internal.xml,26.132446,0.183047,0.692603,0.47185,0.18,"3,34",3675.050049,1,/camera/image_noisy,35.0
114,frog_aal_arch_internal.xml,26.132446,0.183047,0.692603,0.47185,0.18,"3,34",3675.050049,1,/camera/image_noisy,35.0
115,frog_aal_arch_internal.xml,26.132446,0.202517,0.953129,0.51042,0.26,"3,34",3675.050049,1,/camera/image_noisy,35.0
116,frog_aal_arch_internal.xml,26.132446,0.202517,0.953129,0.51042,0.26,"3,34",3675.050049,1,/camera/image_noisy,35.0
117,frog_aal_arch_internal.xml,26.132446,0.154619,0.945698,0.549025,0.26,"3,34",3675.050049,1,/camera/image_noisy,35.0
118,frog_aal_arch_internal.xml,26.132446,0.154619,0.945698,0.549025,0.26,"3,34",3675.050049,1,/camera/image_noisy,35.0
119,frog_aal_arch_internal.xml,26.132446,0.157264,0.734665,0.58428,0.26,"3,34",3675.050049,1,/camera/image_noisy,35.0
120,frog_aal_arch_internal.xml,26.132446,0.157264,0.734665,0.58428,0.26,"3,34",3675.050049,1,/camera/image_noisy,35.0
121,frog_aal_arch_internal.xml,26.132446,0.145953,0.998398,0.622401,0.26,"3,34",3675.050049,1,/camera/image_noisy,35.0
122,frog_aal_arch_internal.xml,26.132446,0.145953,0.998398,0.622401,0.26,"3,34",3675.050049,1,/camera/image_noisy,35.0
123,frog_aal_arch_internal.xml,26.132446,0.110132,0.681938,0.658075,0.26,"3,34",3675.050049,1,/camera/image_noisy,35.0
124,frog_aal_arch_internal.xml,26.132446,0.110132,0.681938,0.658075,0.26,"3,34",3675.050049,1,/camera/image_noisy,35.0
125,frog_aal_arch_internal.xml,26.132446,0.092109,0.681938,0.693698,0.26,"3,34",3675.050049,1,/camera/image_noisy,35.0
126,frog_aal_arch_internal.xml,26.132446,0.092109,0.681938,0.693698,0.26,"3,34",3675.050049,1,/camera/image_noisy,35.0
127,frog_aal_arch_internal.xml,53.706512,0.084426,0.681938,0.727537,0.18,"3,35",3615.774902,1,/camera/image_noisy,35.0
128,frog_aal_arch_internal.xml,53.706512,0.084426,0.681938,0.727537,0.18,"3,36",3556.5,1,/camera/image_noisy,36.0
129,frog_aal_arch_internal.xml,53.706512,0.080045,0.178359,0.761129,0.18,"3,36",3556.5,1,/camera/image_noisy,36.0
130,frog_aal_arch_internal.xml,53.706512,0.080045,0.178359,0.761129,0.1,"3,36",3556.5,1,/camera/image_noisy,36.0
131,frog_aal_arch_internal.xml,53.706512,0.10036,0.38318,0.792604,0.1,"3,37",3023.024902,3,/camera/image_noisy,37.0
132,frog_aal_arch_internal.xml,53.706512,0.10036,0.38318,0.792604,0.1,"3,37",3023.024902,3,/camera/image_noisy,37.0
133,frog_aal_arch_internal.xml,53.706512,0.103974,0.381601,0.82248,0.1,"3,37",3023.024902,3,/camera/image_noisy,37.0
134,frog_aal_arch_internal.xml,53.706512,0.103974,0.381601,0.82248,0.1,"3,38",2489.550049,3,/camera/image_noisy,38.0
135,frog_aal_arch_internal.xml,53.706512,0.134524,0.382389,0.849987,0.1,"3,38",2489.550049,3,/camera/image_noisy,38.0
136,frog_aal_arch_internal.xml,53.706512,0.134524,0.382389,0.849987,0.1,"3,38",2489.550049,3,/camera/image_noisy,38.0
137,frog_aal_arch_internal.xml,53.706512,0.14289,0.383723,0.875725,0.1,"3,39",1956.074951,3,/camera/image_noisy,39.0
138,frog_aal_arch_internal.xml,53.706512,0.14289,0.383723,0.875725,0.1,"3,39",1956.074951,3,/camera/image_noisy,39.0
139,frog_aal_arch_internal.xml,53.706512,0.158248,0.38374,0.89966,0.1,"3,39",1956.074951,3,/camera/image_noisy,39.0
140,frog_aal_arch_internal.xml,53.706512,0.158248,0.38374,0.89966,0.1,"3,39",1956.074951,3,/camera/image_noisy,39.0
141,frog_aal_arch_internal.xml,53.706512,0.187465,0.383378,0.92051,0.1,"3,39",1956.074951,3,/camera/image_noisy,40.0
142,frog_aal_arch_internal.xml,53.706512,0.187465,0.383378,0.92051,0.1,"3,39",1956.074951,3,/camera/image_noisy,40.0
143,frog_aal_arch_internal.xml,53.706512,0.18494,0.39104,0.940245,0.1,"3,39",1956.074951,3,/camera/image_noisy,40.0
144,frog_aal_arch_internal.xml,53.706512,0.18494,0.39104,0.940245,0.1,"3,39",1956.074951,3,/camera/image_noisy,40.0
145,frog_aal_arch_internal.xml,53.706512,0.136024,0.380909,0.956674,0.1,"3,39",1956.074951,3,/camera/image_noisy,40.0
146,frog_aal_arch_internal.xml,53.706512,0.136024,0.380909,0.956674,0.1,"3,39",1956.074951,3,/camera/image_noisy,40.0
147,frog_aal_arch_internal.xml,53.706512,0.117415,0.380909,0.971111,0.1,"3,39",1956.074951,3,/camera/image_noisy,40.0
148,frog_aal_arch_internal.xml,53.706512,0.117415,0.380909,0.971111,0.1,"3,39",1956.074951,3,/camera/image_noisy,40.0
149,frog_aal_arch_internal.xml,49.057865,0.118844,0.380909,0.982265,0.1,"3,40",1422.599976,3,/camera/image_noisy,40.0
150,frog_aal_arch_internal.xml,49.057865,0.118844,0.380909,0.982265,0.1,"3,40",1422.599976,3,/camera/image_noisy,40.0
151,frog_aal_arch_internal.xml,49.057865,0.097665,0.720505,0.990557,0.1,"3,40",1422.599976,3,/camera/image_noisy,40.0
152,frog_aal_arch_internal.xml,49.057865,0.097665,0.720505,0.990557,0.1,"3,41",889.125,3,/camera/image_noisy,41.0
153,frog_aal_arch_internal.xml,49.057865,0.086321,0.388368,0.996636,0.1,"3,41",889.125,3,/camera/image_noisy,41.0
154,frog_aal_arch_internal.xml,49.057865,0.086321,0.388368,0.996636,0.1,"3,41",889.125,3,/camera/image_noisy,41.0
155,frog_aal_arch_internal.xml,49.057865,0.135274,0.388314,0.999566,0.1,"3,42",355.649994,3,/camera/image_noisy,42.0
156,frog_aal_arch_internal.xml,49.057865,0.135274,0.388314,0.999566,0.1,"3,42",355.649994,3,/camera/image_noisy,42.0
157,frog_aal_arch_internal.xml,49.057865,0.189501,0.378823,0.999727,0.1,"3,42",355.649994,3,/camera/image_noisy,42.0
158,frog_aal_arch_internal.xml,49.057865,0.189501,0.378823,0.999727,0.1,"3,43",-177.824997,3,/camera/image_noisy,43.0
159,frog_aal_arch_internal.xml,49.057865,0.18072,0.386512,0.997066,0.1,"3,43",-177.824997,3,/camera/image_noisy,43.0
160,frog_aal_arch_internal.xml,49.057865,0.18072,0.386512,0.997066,0.1,"3,43",-177.824997,3,/camera/image_noisy,43.0
161,frog_aal_arch_internal.xml,49.057865,0.16194,0.372664,0.991634,0.1,"3,44",-711.299988,3,/camera/image_noisy,44.0
162,frog_aal_arch_internal.xml,49.057865,0.16194,0.372664,0.991634,0.1,"3,44",-711.299988,3,/camera/image_noisy,44.0
163,frog_aal_arch_internal.xml,49.057865,0.13847,0.364908,0.983228,0.1,"3,44",-711.299988,3,/camera/image_noisy,44.0
164,frog_aal_arch_internal.xml,49.057865,0.13847,0.364908,0.983228,0.1,"3,44",-711.299988,3,/camera/image_noisy,45.0
165,frog_aal_arch_internal.xml,49.057865,0.125541,0.383779,0.971905,0.1,"3,44",-711.299988,3,/camera/image_noisy,45.0
166,frog_aal_arch_internal.xml,49.057865,0.125541,0.383779,0.971905,0.1,"3,44",-711.299988,3,/camera/image_noisy,45.0
167,frog_aal_arch_internal.xml,49.057865,0.115174,0.385045,0.9586,0.1,"3,44",-711.299988,3,/camera/image_noisy,45.0
168,frog_aal_arch_internal.xml,49.057865,0.115174,0.385045,0.9586,0.1,"3,44",-711.299988,3,/camera/image_noisy,45.0
169,frog_aal_arch_internal.xml,49.057865,0.115362,0.385277,0.941919,0.1,"3,44",-711.299988,3,/camera/image_noisy,45.0
170,frog_aal_arch_internal.xml,49.057865,0.115362,0.385277,0.941919,0.1,"3,44",-711.299988,3,/camera/image_noisy,45.0
171,frog_aal_arch_internal.xml,49.057865,0.086,0.385118,0.923615,0.1,"3,44",-711.299988,3,/camera/image_noisy,45.0
172,frog_aal_arch_internal.xml,56.522663,0.086,0.385118,0.923615,0.1,"6,45",-1244.775024,3,/corner_camera/image_raw,45.0
173,frog_aal_arch_internal.xml,56.522663,0.094167,0.385118,0.901621,0.1,"6,45",-1244.775024,3,/corner_camera/image_raw,45.0
174,frog_aal_arch_internal.xml,56.522663,0.094167,0.385118,0.901621,0.1,"6,45",-1244.775024,3,/corner_camera/image_raw,45.0
175,frog_aal_arch_internal.xml,56.522663,0.058492,0.390193,0.878208,0.1,"9,46",-1778.25,3,/corner_camera/image_raw,46.0
176,frog_aal_arch_internal.xml,56.522663,0.058492,0.390193,0.878208,0.1,"9,46",-1778.25,3,/corner_camera/image_raw,46.0
177,frog_aal_arch_internal.xml,56.522663,0.035328,0.388941,0.853278,0.1,"9,46",-1778.25,3,/corner_camera/image_raw,46.0
178,frog_aal_arch_internal.xml,56.522663,0.035328,0.388941,0.853278,0.1,"9,46",-1778.25,3,/corner_camera/image_raw,46.0
179,frog_aal_arch_internal.xml,56.522663,0.036512,0.380972,0.825831,0.1,"12,47",-2311.725098,3,/corner_camera/image_raw,47.0
180,frog_aal_arch_internal.xml,56.522663,0.036512,0.380972,0.825831,0.1,"12,47",-2311.725098,3,/corner_camera/image_raw,47.0
181,frog_aal_arch_internal.xml,56.522663,0.048671,0.385219,0.795623,0.1,"12,47",-2311.725098,3,/corner_camera/image_raw,47.0
182,frog_aal_arch_internal.xml,56.522663,0.048671,0.385219,0.795623,0.1,"15,48",-2845.199951,3,/corner_camera/image_raw,48.0
183,frog_aal_arch_internal.xml,56.522663,0.059945,0.385219,0.763829,0.1,"15,48",-2845.199951,3,/corner_camera/image_raw,48.0
184,frog_aal_arch_internal.xml,56.522663,0.059945,0.385219,0.763829,0.1,"15,48",-2845.199951,3,/corner_camera/image_raw,48.0
185,frog_aal_arch_internal.xml,26.404007,0.059945,0.385219,0.730935,0.1,"18,49",-3378.675049,3,/corner_camera/image_raw,49.0
186,frog_aal_arch_internal.xml,26.404007,0.059945,0.385219,0.730935,0.1,"18,49",-3378.675049,3,/corner_camera/image_raw,49.0
187,frog_aal_arch_internal.xml,26.404007,0.059945,0.385219,0.697462,0.1,"18,49",-3378.675049,3,/corner_camera/image_raw,49.0
188,frog_aal_arch_internal.xml,26.404007,0.069998,0.385219,0.697462,0.1,"21,50",-3912.149902,3,/corner_camera/image_raw,50.0
189,frog_aal_arch_internal.xml,26.404007,0.05953,0.19896,0.66304,0.1,"21,50",-3912.149902,3,/corner_camera/image_raw,50.0
190,frog_aal_arch_internal.xml,26.404007,0.05953,0.19896,0.66304,0.1,"21,50",-3912.149902,3,/corner_camera/image_raw,50.0
191,frog_aal_arch_internal.xml,26.404007,0.089851,0.387751,0.625822,0.1,"24,51",-4445.625,3,/corner_camera/image_raw,51.0
192,frog_aal_arch_internal.xml,26.404007,0.089851,0.387751,0.625822,0.1,"24,51",-4445.625,3,/corner_camera/image_raw,51.0
193,frog_aal_arch_internal.xml,26.404007,0.108551,0.38413,0.589145,0.1,"24,51",-4445.625,3,/corner_camera/image_raw,51.0
194,frog_aal_arch_internal.xml,26.404007,0.108551,0.38413,0.589145,0.18,"24,51",-4445.625,3,/corner_camera/image_raw,51.0
195,frog_aal_arch_internal.xml,26.404007,0.180886,0.692304,0.552232,0.18,"27,52",-4979.100098,3,/corner_camera/image_raw,52.0
196,frog_aal_arch_internal.xml,26.404007,0.180886,0.692304,0.552232,0.18,"27,52",-4979.100098,3,/corner_camera/image_raw,52.0
197,frog_aal_arch_internal.xml,26.404007,0.213153,0.945279,0.514738,0.26,"27,52",-4979.100098,3,/corner_camera/image_raw,52.0
198,frog_aal_arch_internal.xml,26.404007,0.213153,0.945279,0.514738,0.26,"30,53",-5512.575195,3,/corner_camera/image_raw,53.0
199,frog_aal_arch_internal.xml,26.404007,0.160948,0.997535,0.47649,0.26,"30,53",-5512.575195,3,/corner_camera/image_raw,53.0
200,frog_aal_arch_internal.xml,26.404007,0.160948,0.997535,0.47649,0.26,"30,53",-5512.575195,3,/corner_camera/image_raw,53.0
201,frog_aal_arch_internal.xml,26.404007,0.164088,1.0,0.439337,0.26,"33,54",-6046.049805,3,/corner_camera/image_raw,54.0
202,frog_aal_arch_internal.xml,26.404007,0.164088,1.0,0.439337,0.26,"33,54",-6046.049805,3,/corner_camera/image_raw,54.0
203,frog_aal_arch_internal.xml,26.404007,0.158283,0.999894,0.401625,0.26,"33,54",-6046.049805,3,/corner_camera/image_raw,54.0
204,frog_aal_arch_internal.xml,26.404007,0.158283,0.999894,0.401625,0.26,"33,54",-6046.049805,3,/corner_camera/image_raw,55.0
205,frog_aal_arch_internal.xml,26.404007,0.118874,0.792466,0.366054,0.26,"33,54",-6046.049805,3,/corner_camera/image_raw,55.0
206,frog_aal_arch_internal.xml,26.404007,0.118874,0.792466,0.366054,0.26,"33,54",-6046.049805,3,/corner_camera/image_raw,55.0
207,frog_aal_arch_internal.xml,26.404007,0.099257,0.792466,0.329949,0.26,"33,54",-6046.049805,3,/corner_camera/image_raw,55.0
208,frog_aal_arch_internal.xml,26.404007,0.099257,0.792466,0.329949,0.26,"33,54",-6046.049805,3,/corner_camera/image_raw,55.0
209,frog_aal_arch_internal.xml,26.404007,0.089976,0.792466,0.294361,0.18,"33,54",-6046.049805,3,/corner_camera/image_raw,55.0
210,frog_aal_arch_internal.xml,62.589905,0.089976,0.792466,0.294361,0.18,"36,55",-6579.524902,3,/corner_camera/image_raw,55.0
211,frog_aal_arch_internal.xml,62.589905,0.079768,0.792466,0.260276,0.18,"36,55",-6579.524902,3,/corner_camera/image_raw,55.0
212,frog_aal_arch_internal.xml,62.589905,0.079768,0.792466,0.260276,0.1,"36,55",-6579.524902,3,/corner_camera/image_raw,55.0
213,frog_aal_arch_internal.xml,62.589905,0.113366,0.409997,0.229076,0.1,"39,56",-7113.0,3,/corner_camera/image_raw,56.0
214,frog_aal_arch_internal.xml,62.589905,0.113366,0.409997,0.229076,0.1,"39,56",-7113.0,3,/corner_camera/image_raw,56.0
215,frog_aal_arch_internal.xml,62.589905,0.108069,0.380695,0.197562,0.1,"39,56",-7113.0,3,/corner_camera/image_raw,56.0
216,frog_aal_arch_internal.xml,62.589905,0.108069,0.380695,0.197562,0.1,"42,57",-7646.475098,3,/corner_camera/image_raw,57.0
217,frog_aal_arch_internal.xml,62.589905,0.129865,0.384382,0.168594,0.1,"42,57",-7646.475098,3,/corner_camera/image_raw,57.0
218,frog_aal_arch_internal.xml,62.589905,0.129865,0.384382,0.168594,0.1,"42,57",-7646.475098,3,/corner_camera/image_raw,57.0
219,frog_aal_arch_internal.xml,62.589905,0.133838,0.386761,0.141549,0.1,"45,58",-8179.950195,3,/corner_camera/image_raw,58.0
220,frog_aal_arch_internal.xml,62.589905,0.133838,0.386761,0.141549,0.1,"45,58",-8179.950195,3,/corner_camera/image_raw,58.0
221,frog_aal_arch_internal.xml,62.589905,0.146543,0.384463,0.116663,0.1,"45,58",-8179.950195,3,/corner_camera/image_raw,58.0
222,frog_aal_arch_internal.xml,62.589905,0.146543,0.384463,0.116663,0.1,"48,59",-8713.424805,3,/corner_camera/image_raw,59.0
223,frog_aal_arch_internal.xml,62.589905,0.169769,0.384209,0.093319,0.1,"48,59",-8713.424805,3,/corner_camera/image_raw,59.0
224,frog_aal_arch_internal.xml,62.589905,0.169769,0.384209,0.093319,0.1,"48,59",-8713.424805,3,/corner_camera/image_raw,59.0
225,frog_aal_arch_internal.xml,62.589905,0.204975,0.383902,0.072399,0.1,"48,59",-8713.424805,3,/corner_camera/image_raw,60.0
226,frog_aal_arch_internal.xml,62.589905,0.204975,0.383902,0.072399,0.1,"48,59",-8713.424805,3,/corner_camera/image_raw,60.0
227,frog_aal_arch_internal.xml,62.589905,0.148109,0.382115,0.054332,0.1,"48,59",-8713.424805,3,/corner_camera/image_raw,60.0
228,frog_aal_arch_internal.xml,62.589905,0.148109,0.382115,0.054332,0.1,"48,59",-8713.424805,3,/corner_camera/image_raw,60.0
229,frog_aal_arch_internal.xml,62.589905,0.112419,0.382115,0.038232,0.1,"48,59",-8713.424805,3,/corner_camera/image_raw,60.0
230,frog_aal_arch_internal.xml,62.589905,0.112419,0.382115,0.038232,0.1,"48,59",-8713.424805,3,/corner_camera/image_raw,60.0
231,frog_aal_arch_internal.xml,62.589905,0.102229,0.382115,0.025355,0.1,"48,59",-8713.424805,3,/corner_camera/image_raw,60.0
232,frog_aal_arch_internal.xml,62.589905,0.102229,0.382115,0.025355,0.1,"48,59",-8713.424805,3,/corner_camera/image_raw,60.0
233,frog_aal_arch_internal.xml,62.589905,0.086079,0.381818,0.014956,0.1,"48,59",-8713.424805,3,/corner_camera/image_raw,60.0
234,frog_aal_arch_internal.xml,62.589905,0.086079,0.381818,0.014956,0.1,"48,59",-8713.424805,3,/corner_camera/image_raw,60.0
235,frog_aal_arch_internal.xml,62.589905,0.066643,0.207394,0.006896,0.1,"48,59",-8713.424805,3,/corner_camera/image_raw,60.0
236,frog_aal_arch_internal.xml,62.589905,0.066643,0.207394,0.006896,0.1,"48,59",-8713.424805,3,/corner_camera/image_raw,60.0
237,frog_aal_arch_internal.xml,62.589905,0.036092,0.370161,0.002207,0.1,"48,59",-8713.424805,3,/corner_camera/image_raw,60.0
238,frog_aal_arch_internal.xml,62.589905,0.036092,0.370161,0.002207,0.1,"48,59",-8713.424805,3,/corner_camera/image_raw,60.0
239,frog_aal_arch_internal.xml,62.589905,0.04369,0.370161,6.7e-05,0.1,"48,59",-8713.424805,3,/corner_camera/image_raw,60.0
240,frog_aal_arch_internal.xml,62.589905,0.04369,0.370161,6.7e-05,0.1,"48,59",-8713.424805,3,/corner_camera/image_raw,60.0
241,frog_aal_arch_internal.xml,62.589905,0.04731,0.370161,0.000872,0.1,"48,59",-8713.424805,3,/corner_camera/image_raw,60.0
242,frog_aal_arch_internal.xml,69.56353,0.04731,0.370161,0.000872,0.1,"51,60",-9246.900391,3,/corner_camera/image_raw,60.0
243,frog_aal_arch_internal.xml,69.56353,0.040033,0.383968,0.004469,0.1,"51,60",-9246.900391,3,/corner_camera/image_raw,60.0
244,frog_aal_arch_internal.xml,69.56353,0.040033,0.383968,0.004469,0.1,"51,60",-9246.900391,3,/corner_camera/image_raw,60.0
245,frog_aal_arch_internal.xml,69.56353,0.032707,0.385506,0.011003,0.1,"54,61",-9780.375,3,/corner_camera/image_raw,61.0
246,frog_aal_arch_internal.xml,69.56353,0.032707,0.385506,0.011003,0.1,"54,61",-9780.375,3,/corner_camera/image_raw,61.0
247,frog_aal_arch_internal.xml,69.56353,0.015406,0.383552,0.020349,0.1,"54,61",-9780.375,3,/corner_camera/image_raw,61.0
248,frog_aal_arch_internal.xml,69.56353,0.015406,0.383552,0.020349,0.1,"57,62",-10313.849609,3,/corner_camera/image_raw,62.0
249,frog_aal_arch_internal.xml,69.56353,0.121211,0.380371,0.032238,0.1,"57,62",-10313.849609,3,/corner_camera/image_raw,62.0
250,frog_aal_arch_internal.xml,69.56353,0.121211,0.380371,0.032238,0.1,"57,62",-10313.849609,3,/corner_camera/image_raw,62.0
251,frog_aal_arch_internal.xml,69.56353,0.171855,0.382139,0.046843,0.1,"60,63",-10847.325195,3,/corner_camera/image_raw,63.0
252,frog_aal_arch_internal.xml,69.56353,0.171855,0.382139,0.046843,0.1,"60,63",-10847.325195,3,/corner_camera/image_raw,63.0
253,frog_aal_arch_internal.xml,69.56353,0.191325,0.385753,0.063824,0.1,"60,63",-10847.325195,3,/corner_camera/image_raw,63.0
254,frog_aal_arch_internal.xml,69.56353,0.191325,0.385753,0.063824,0.1,"63,64",-11380.799805,3,/corner_camera/image_raw,64.0
255,frog_aal_arch_internal.xml,69.56353,0.153525,0.384835,0.083453,0.1,"63,64",-11380.799805,3,/corner_camera/image_raw,64.0
256,frog_aal_arch_internal.xml,69.56353,0.153525,0.384835,0.083453,0.1,"63,64",-11380.799805,3,/corner_camera/image_raw,64.0
257,frog_aal_arch_internal.xml,69.56353,0.13326,0.385009,0.105615,0.1,"63,64",-11380.799805,3,/corner_camera/image_raw,65.0
258,frog_aal_arch_internal.xml,69.56353,0.13326,0.385009,0.105615,0.1,"63,64",-11380.799805,3,/corner_camera/image_raw,65.0
259,frog_aal_arch_internal.xml,69.56353,0.126247,0.381509,0.130335,0.1,"63,64",-11380.799805,3,/corner_camera/image_raw,65.0
260,frog_aal_arch_internal.xml,69.56353,0.126247,0.381509,0.130335,0.1,"63,64",-11380.799805,3,/corner_camera/image_raw,65.0
261,frog_aal_arch_internal.xml,69.56353,0.120533,0.384931,0.155699,0.1,"63,64",-11380.799805,3,/corner_camera/image_raw,65.0
262,frog_aal_arch_internal.xml,69.56353,0.120533,0.384931,0.155699,0.1,"63,64",-11380.799805,3,/corner_camera/image_raw,65.0
263,frog_aal_arch_internal.xml,69.56353,0.119037,0.385395,0.184504,0.1,"63,64",-11380.799805,3,/corner_camera/image_raw,65.0
264,frog_aal_arch_internal.xml,69.56353,0.119037,0.385395,0.184504,0.1,"63,64",-11380.799805,3,/corner_camera/image_raw,65.0
265,frog_aal_arch_internal.xml,69.56353,0.088089,0.384595,0.213891,0.1,"63,64",-11380.799805,3,/corner_camera/image_raw,65.0
266,frog_aal_arch_internal.xml,69.56353,0.088089,0.384595,0.213891,0.1,"63,64",-11380.799805,3,/corner_camera/image_raw,65.0
267,frog_aal_arch_internal.xml,56.395557,0.07961,0.384595,0.246759,0.1,"66,65",-11914.275391,3,/corner_camera/image_raw,65.0
268,frog_aal_arch_internal.xml,56.395557,0.07961,0.384595,0.246759,0.1,"66,65",-11914.275391,3,/corner_camera/image_raw,65.0
269,frog_aal_arch_internal.xml,56.395557,0.050332,0.377057,0.280082,0.1,"66,65",-11914.275391,3,/corner_camera/image_raw,65.0
270,frog_aal_arch_internal.xml,56.395557,0.050332,0.377057,0.280082,0.1,"69,66",-12447.75,3,/corner_camera/image_raw,66.0
271,frog_aal_arch_internal.xml,56.395557,0.034857,0.390162,0.31331,0.1,"69,66",-12447.75,3,/corner_camera/image_raw,66.0
272,frog_aal_arch_internal.xml,56.395557,0.034857,0.390162,0.31331,0.1,"69,66",-12447.75,3,/corner_camera/image_raw,66.0
273,frog_aal_arch_internal.xml,56.395557,0.041886,0.387004,0.349834,0.1,"72,67",-12981.224609,3,/corner_camera/image_raw,67.0
274,frog_aal_arch_internal.xml,56.395557,0.041886,0.387004,0.349834,0.1,"72,67",-12981.224609,3,/corner_camera/image_raw,67.0
275,frog_aal_arch_internal.xml,56.395557,0.049763,0.380667,0.386857,0.1,"72,67",-12981.224609,3,/corner_camera/image_raw,67.0
276,frog_aal_arch_internal.xml,56.395557,0.049763,0.380667,0.386857,0.1,"75,68",-13514.700195,3,/corner_camera/image_raw,68.0
277,frog_aal_arch_internal.xml,56.395557,0.063628,0.380667,0.422318,0.1,"75,68",-13514.700195,3,/corner_camera/image_raw,68.0
278,frog_aal_arch_internal.xml,26.238565,0.063628,0.380667,0.422318,0.1,"75,68",-13514.700195,3,/corner_camera/image_raw,68.0
279,frog_aal_arch_internal.xml,26.238565,0.063628,0.380667,0.461024,0.1,"78,69",-14048.174805,3,/corner_camera/image_raw,69.0
280,frog_aal_arch_internal.xml,26.238565,0.063628,0.380667,0.461024,0.1,"78,69",-14048.174805,3,/corner_camera/image_raw,69.0
281,frog_aal_arch_internal.xml,26.238565,0.063628,0.380667,0.497749,0.1,"78,69",-14048.174805,3,/corner_camera/image_raw,69.0
282,frog_aal_arch_internal.xml,26.238565,0.06779,0.380667,0.497749,0.1,"81,70",-14581.650391,3,/corner_camera/image_raw,70.0
283,frog_aal_arch_internal.xml,26.238565,0.056287,0.380667,0.534794,0.1,"81,70",-14581.650391,3,/corner_camera/image_raw,70.0
284,frog_aal_arch_internal.xml,26.238565,0.056287,0.380667,0.534794,0.1,"81,70",-14581.650391,3,/corner_camera/image_raw,70.0
285,frog_aal_arch_internal.xml,26.238565,0.099107,0.334894,0.572479,0.1,"84,71",-15115.125,3,/corner_camera/image_raw,71.0
286,frog_aal_arch_internal.xml,26.238565,0.099107,0.334894,0.572479,0.1,"84,71",-15115.125,3,/corner_camera/image_raw,71.0
287,frog_aal_arch_internal.xml,26.238565,0.109565,0.334894,0.610814,0.1,"84,71",-15115.125,3,/corner_camera/image_raw,71.0
288,frog_aal_arch_internal.xml,26.238565,0.109565,0.334894,0.610814,0.18,"87,72",-15648.599609,3,/corner_camera/image_raw,72.0
289,frog_aal_arch_internal.xml,26.238565,0.123826,0.334894,0.646928,0.18,"87,72",-15648.599609,3,/corner_camera/image_raw,72.0
290,frog_aal_arch_internal.xml,26.238565,0.123826,0.334894,0.646928,0.18,"87,72",-15648.599609,3,/corner_camera/image_raw,72.0
291,frog_aal_arch_internal.xml,26.238565,0.132087,0.303474,0.682209,0.26,"90,73",-16182.075195,3,/corner_camera/image_raw,73.0
292,frog_aal_arch_internal.xml,26.238565,0.132087,0.303474,0.682209,0.26,"90,73",-16182.075195,3,/corner_camera/image_raw,73.0
293,frog_aal_arch_internal.xml,26.238565,0.182543,1.0,0.71657,0.26,"90,73",-16182.075195,3,/corner_camera/image_raw,73.0
294,frog_aal_arch_internal.xml,26.238565,0.182543,1.0,0.71657,0.26,"93,74",-16715.550781,3,/corner_camera/image_raw,74.0
295,frog_aal_arch_internal.xml,26.238565,0.148469,0.997973,0.750158,0.26,"93,74",-16715.550781,3,/corner_camera/image_raw,74.0
296,frog_aal_arch_internal.xml,26.238565,0.148469,0.997973,0.750158,0.26,"93,74",-16715.550781,3,/corner_camera/image_raw,74.0
297,frog_aal_arch_internal.xml,26.238565,0.136907,1.0,0.781154,0.26,"93,74",-16715.550781,3,/corner_camera/image_raw,75.0
298,frog_aal_arch_internal.xml,26.238565,0.136907,1.0,0.781154,0.26,"93,74",-16715.550781,3,/corner_camera/image_raw,75.0
299,frog_aal_arch_internal.xml,26.238565,0.161699,0.846808,0.811496,0.26,"93,74",-16715.550781,3,/corner_camera/image_raw,75.0
300,frog_aal_arch_internal.xml,26.238565,0.161699,0.846808,0.811496,0.26,"93,74",-16715.550781,3,/corner_camera/image_raw,75.0
